Metric,Value
Model R2,0.9459585612869379
MAE (MW),16.110922574035126
Next Month (Jan) Avg Power Forecast (MW),436.7521044832303
95% CI Low (MW),429.59901570975467
95% CI High (MW),443.90519325670596
